d_date_id,Numerator,d_level0_id,Denominator,d_kpi_id,d_level1_id,d_level2_id
20210805,150269206.03,1,0,22,1,1
20210806,155727255.87,1,0,22,1,1
20210807,158658675.47,1,0,22,1,1
20210808,149795684.03,1,0,22,1,1
20210809,156808956.76,1,0,22,1,1
20210810,159383774.14,1,0,22,1,1
20210811,168248782.11,1,0,22,1,1
20210812,159741882.9,1,0,22,1,1
20210813,177845838.76,1,0,22,1,1
20210814,180898927.74,1,0,22,1,1
20210815,181818057.54,1,0,22,1,1
20210816,183682074.23,1,0,22,1,1
20210817,169431649.62,1,0,22,1,1
20210818,170532560.16,1,0,22,1,1
20210819,180615727.58,1,0,22,1,1
20210820,201798484.32,1,0,22,1,1
20210821,199869397.53,1,0,22,1,1
20210822,209877216.6,1,0,22,1,1
20210823,214023968.77,1,0,22,1,1
20210824,194106389.43,1,0,22,1,1
20210825,193934096.23,1,0,22,1,1
20210826,159679115.17,1,0,22,1,1
20210827,163739098.84,1,0,22,1,1
20210828,164465521.57,1,0,22,1,1
20210829,169916441.97,1,0,22,1,1
20210830,162079882.27,1,0,22,1,1
20210831,146078270.69,1,0,22,1,1
20210901,145960463.32,1,0,22,1,1
20210902,141214712.9,1,0,22,1,1
20210903,149165473.77,1,0,22,1,1
20210904,159614324.24,1,0,22,1,1
20210905,170329646.09,1,0,22,1,1
20210906,170624250.93,1,0,22,1,1
20210907,135078135.65,1,0,22,1,1
20210908,136566561.05,1,0,22,1,1
20210909,153918122.2,1,0,22,1,1
20210910,162951514.53,1,0,22,1,1
20210911,157444545.86,1,0,22,1,1
20210912,154287982.81,1,0,22,1,1
20210913,166599414.91,1,0,22,1,1
20210914,341268838.65999997,1,0,22,1,1
20210915,353324313.37,1,0,22,1,1
20210916,336488185.44,1,0,22,1,1
20210917,309624255.91999996,1,0,22,1,1
20210918,321691715.12,1,0,22,1,1
20210919,303241054.68,1,0,22,1,1
20210920,285542284.77,1,0,22,1,1
20210921,252411578.66,1,0,22,1,1
20210922,281865214.9,1,0,22,1,1
20210923,286940155.55,1,0,22,1,1
20210924,269680399.84,1,0,22,1,1
20210925,257527016.29,1,0,22,1,1
20210926,284025654.53,1,0,22,1,1
20210927,266937279.66,1,0,22,1,1
20210928,248722876.82,1,0,22,1,1
20210929,249314174.26,1,0,22,1,1
20210930,263544293.91000003,1,0,22,1,1
20211001,319893724.54999995,1,0,22,1,1
20211002,323207249.54999995,1,0,22,1,1
20211003,351116379.67,1,0,22,1,1
20211004,351468990.78,1,0,22,1,1
20211005,368635428.18,1,0,22,1,1
20211006,358427752.49,1,0,22,1,1
20211007,347078259.45000005,1,0,22,1,1
20211008,346558540.7,1,0,22,1,1
20211009,338355127.4,1,0,22,1,1
20211010,341050578.06,1,0,22,1,1
20211011,332979591.42,1,0,22,1,1
20211012,329359785.09000003,1,0,22,1,1
20211013,318110483.2,1,0,22,1,1
20211014,317953618.5,1,0,22,1,1
20211015,307616104.01,1,0,22,1,1
20211016,294962209.49,1,0,22,1,1
20211017,288054261.07,1,0,22,1,1
20211018,289840194.17,1,0,22,1,1
20211019,303634177.40999997,1,0,22,1,1
20211020,303174999.76,1,0,22,1,1
20211021,305910829.66,1,0,22,1,1
20211022,293628936.16999996,1,0,22,1,1
20211023,294828121.57,1,0,22,1,1
20211024,289787461.47,1,0,22,1,1
20211025,296624099.8,1,0,22,1,1
20211026,300469568.28,1,0,22,1,1
20211027,290669661.3,1,0,22,1,1
20211028,257483190.42,1,0,22,1,1
20211029,281735872.28999996,1,0,22,1,1
20211030,290990957.15,1,0,22,1,1
20211031,298843976.94,1,0,22,1,1
20211101,323636926.58000004,1,0,22,1,1
20211102,321117265.95000005,1,0,22,1,1
20211103,324309367.4,1,0,22,1,1
20211104,300556668.51,1,0,22,1,1
20211105,293297389.94,1,0,22,1,1
20211106,287053183.17,1,0,22,1,1
20211107,281184352.94,1,0,22,1,1
20211108,274108583.58,1,0,22,1,1
20211109,298879435.78999996,1,0,22,1,1
20211110,288099452.39,1,0,22,1,1
20211111,273340356.94,1,0,22,1,1
20211112,282817456.99,1,0,22,1,1
20211113,299638331.7,1,0,22,1,1
20211114,305327652.92,1,0,22,1,1
20211115,324079492.68,1,0,22,1,1
20211116,323011065.34000003,1,0,22,1,1
20211117,294238200.48,1,0,22,1,1
20211118,292837605.23,1,0,22,1,1
20211119,265066092.99,1,0,22,1,1
20211120,275125963.63,1,0,22,1,1
20211121,273222429.05,1,0,22,1,1
20211122,288273069.13,1,0,22,1,1
20211123,258537532.68,1,0,22,1,1
20211124,254942223.56,1,0,22,1,1
20211125,241638453.58,1,0,22,1,1
20211126,245725524.39,1,0,22,1,1
20211127,201261094.07999998,1,0,22,1,1
20211128,202690189.09,1,0,22,1,1
20211129,203945283.32,1,0,22,1,1
20211130,201361455.14,1,0,22,1,1
20211201,196777954.82999998,1,0,22,1,1
20211202,198778188.06,1,0,22,1,1
20211203,189925073.22,1,0,22,1,1
20211204,170139681.66,1,0,22,1,1
20211205,147277286.47,1,0,22,1,1
20211206,135831609.16,1,0,22,1,1
20211207,141420442.39999998,1,0,22,1,1
20211208,144624990.57999998,1,0,22,1,1
20211209,149536245.23000002,1,0,22,1,1
20211210,133933017.05000001,1,0,22,1,1
20211211,128446638.38,1,0,22,1,1
20211212,137682629.12,1,0,22,1,1
20211213,140607389.49,1,0,22,1,1
20211214,126810287.44999999,1,0,22,1,1
20211215,131926774.03,1,0,22,1,1
20211216,136947999.96,1,0,22,1,1
20211217,136163625.19,1,0,22,1,1
20211218,136630518.79000002,1,0,22,1,1
20211219,138253286.59,1,0,22,1,1
20211220,136036707.37,1,0,22,1,1
20211221,140162501.28,1,0,22,1,1
20211222,145471263.68,1,0,22,1,1
20211223,166329946.44,1,0,22,1,1
20211224,164286347.23000002,1,0,22,1,1
20211225,162916624.0,1,0,22,1,1
20211226,167277223.76999998,1,0,22,1,1
20211227,168360898.09,1,0,22,1,1
20211228,166521224.62,1,0,22,1,1
20211229,180135442.37,1,0,22,1,1
20211230,148274117.62,1,0,22,1,1
20211231,136351757.29,1,0,22,1,1
20220101,136255488.63,1,0,22,1,1
20220102,136112378.97,1,0,22,1,1
20220103,137829014.97,1,0,22,1,1
20220104,132617041.58000001,1,0,22,1,1
20220105,132873951.84,1,0,22,1,1
20220106,122710272.23,1,0,22,1,1
20220107,123952109.6,1,0,22,1,1
20220108,117518937.78999999,1,0,22,1,1
20220109,112805105.3,1,0,22,1,1
20220110,115152596.9,1,0,22,1,1
20220111,108996193.64,1,0,22,1,1
20220112,114072846.32,1,0,22,1,1
20220113,120866425.48,1,0,22,1,1
20220114,118324833.82,1,0,22,1,1
20220115,122303748.64,1,0,22,1,1
20220116,124094447.22,1,0,22,1,1
20220117,124372497.30000001,1,0,22,1,1
20220118,118217831.91,1,0,22,1,1
20220119,116071249.34,1,0,22,1,1
20220120,113304553.02,1,0,22,1,1
20220121,107488379.27000001,1,0,22,1,1
20220122,91070726.56,1,0,22,1,1
20220123,84161994.73,1,0,22,1,1
20220124,82933730.46,1,0,22,1,1
20220125,78842380.96000001,1,0,22,1,1
20220126,79058852.84,1,0,22,1,1
20220127,82126579.97999999,1,0,22,1,1
20220128,80575262.67,1,0,22,1,1
20220129,85577914.72,1,0,22,1,1
20220130,87006842.74000001,1,0,22,1,1
20220131,83433305.44,1,0,22,1,1
20220201,89271467.32,1,0,22,1,1
20220202,88839063.15,1,0,22,1,1
20220203,85182034.43,1,0,22,1,1
20220204,88669206.53,1,0,22,1,1
20220205,100633255.97,1,0,22,1,1
20181103,34684.037746670474,1,0,22,2,1
20181104,41292.993048786346,1,0,22,2,1
20181105,41550.309964509484,1,0,22,2,1
20181106,43233.56007436587,1,0,22,2,1
20181107,153862.56649807122,1,0,22,2,1
20181108,180275.4550184856,1,0,22,2,1
20181109,175688.1988364224,1,0,22,2,1
20181110,172419.60680682247,1,0,22,2,1
20181111,187973.52715801375,1,0,22,2,1
20181112,200874.4507641383,1,0,22,2,1
20181113,202987.10149745102,1,0,22,2,1
20181114,198742.09330305678,1,0,22,2,1
20181115,199320.91444163868,1,0,22,2,1
20181116,199675.6364049918,1,0,22,2,1
20181117,203354.83025237784,1,0,22,2,1
20181118,199018.45419896563,1,0,22,2,1
20181119,201043.42004620985,1,0,22,2,1
20181120,201101.15224329697,1,0,22,2,1
20181121,171076.2995945524,1,0,22,2,1
20181122,183355.48253736814,1,0,22,2,1
20181123,185020.64047128375,1,0,22,2,1
20181124,172090.5491708536,1,0,22,2,1
20181125,157853.35263600005,1,0,22,2,1
20181126,157430.5879104443,1,0,22,2,1
20181127,169572.7608140029,1,0,22,2,1
20181128,172250.69575800115,1,0,22,2,1
20181129,201461.8247516608,1,0,22,2,1
20181130,199640.59008343634,1,0,22,2,1
20181201,191919.31287896034,1,0,22,2,1
20181202,205556.6305067618,1,0,22,2,1
20181203,205917.35065692055,1,0,22,2,1
20181204,207727.61188993693,1,0,22,2,1
20181205,219268.99677457116,1,0,22,2,1
20181206,204126.61889477784,1,0,22,2,1
20181207,193314.7386939166,1,0,22,2,1
20181208,196469.63704499768,1,0,22,2,1
20181209,262277.64186020015,1,0,22,2,1
20181210,297002.40643133305,1,0,22,2,1
20181211,292823.2229091372,1,0,22,2,1
20181212,286427.2094062118,1,0,22,2,1
20181213,299409.72327327006,1,0,22,2,1
20181214,298900.94361074775,1,0,22,2,1
20181215,278528.5827856993,1,0,22,2,1
20181216,274653.4717093217,1,0,22,2,1
20181217,302708.50775027915,1,0,22,2,1
20181218,341901.04620007804,1,0,22,2,1
20181219,374067.0492807147,1,0,22,2,1
20181220,372948.49782688246,1,0,22,2,1
20181221,428377.81137497444,1,0,22,2,1
20181222,406059.38397426164,1,0,22,2,1
20181223,426752.69458523,1,0,22,2,1
20181224,470097.4023911613,1,0,22,2,1
20181225,497546.857597188,1,0,22,2,1
20181226,470896.42112037155,1,0,22,2,1
20181227,463681.5924919998,1,0,22,2,1
20181228,427861.77590136667,1,0,22,2,1
20181229,452144.0375417708,1,0,22,2,1
20181230,500614.36534919095,1,0,22,2,1
20181231,489227.3311593374,1,0,22,2,1
20190101,466994.1364410573,1,0,22,2,1
20190102,479731.4555817096,1,0,22,2,1
20190103,522615.71226183546,1,0,22,2,1
20190104,274371878.64835596,1,0,22,2,1
20190105,289214796.324462,1,0,22,2,1
20190106,297915673.9290046,1,0,22,2,1
20190107,286777956.3494508,1,0,22,2,1
20190108,285669360.29546034,1,0,22,2,1
20190109,278833689.2710244,1,0,22,2,1
20190110,106532191.3862532,1,0,22,2,1
20190111,244948783.0334052,1,0,22,2,1
20190112,279356905.92841864,1,0,22,2,1
20190113,245945948.64390212,1,0,22,2,1
20190114,178982087.22489065,1,0,22,2,1
20190115,249861835.36283192,1,0,22,2,1
20190116,251909933.4387801,1,0,22,2,1
20190117,255135950.04221785,1,0,22,2,1
20190118,266345404.20242217,1,0,22,2,1
20190119,233277442.51878223,1,0,22,2,1
20190120,240280521.06012094,1,0,22,2,1
20190121,237042982.90337703,1,0,22,2,1
20190122,229816955.9589801,1,0,22,2,1
20190123,224120827.05573228,1,0,22,2,1
20190124,231812553.80569145,1,0,22,2,1
20190125,229758095.23232263,1,0,22,2,1
20190126,230073924.29898643,1,0,22,2,1
20190127,233508524.10499412,1,0,22,2,1
20190128,228276987.94097173,1,0,22,2,1
20190129,99860042.92117938,1,0,22,2,1
20190130,207144287.83906347,1,0,22,2,1
20190131,210834320.90296355,1,0,22,2,1
20190201,216900931.84018788,1,0,22,2,1
20190202,215408814.759429,1,0,22,2,1
20190203,218184390.42415357,1,0,22,2,1
20190204,218220009.67588502,1,0,22,2,1
20190205,217560703.99340916,1,0,22,2,1
20190206,219312578.50966853,1,0,22,2,1
20190207,211838741.92938888,1,0,22,2,1
20190208,217117599.77892655,1,0,22,2,1
20190209,222104977.20600754,1,0,22,2,1
20190210,247812497.72454038,1,0,22,2,1
20190211,244537336.77052528,1,0,22,2,1
20190212,250933494.07758734,1,0,22,2,1
20190213,248854093.4880317,1,0,22,2,1
20190214,254582578.27356663,1,0,22,2,1
20190215,251319580.11911052,1,0,22,2,1
20190216,255275171.38275808,1,0,22,2,1
20190217,255244964.29411805,1,0,22,2,1
20190218,267446959.8953169,1,0,22,2,1
20190219,290649516.2221337,1,0,22,2,1
20190220,310188382.5138751,1,0,22,2,1
20190221,307478124.44027084,1,0,22,2,1
20190222,307365296.79602313,1,0,22,2,1
20190223,315548405.867677,1,0,22,2,1
20190224,316199141.89152235,1,0,22,2,1
20190225,350296515.30914825,1,0,22,2,1
20190226,296128702.6677764,1,0,22,2,1
20190227,295504960.7140348,1,0,22,2,1
20190228,298773028.35671836,1,0,22,2,1
20190301,296493419.10149014,1,0,22,2,1
20190302,301083795.3288342,1,0,22,2,1
20190303,290421740.5580791,1,0,22,2,1
20190304,292343891.9616836,1,0,22,2,1
20190305,276102409.91060185,1,0,22,2,1
20190306,282725575.69480187,1,0,22,2,1
20190307,306437608.2889112,1,0,22,2,1
20190308,309366909.02335155,1,0,22,2,1
20190309,301111127.7163333,1,0,22,2,1
20190310,311446781.6309267,1,0,22,2,1
20190311,300529025.1239131,1,0,22,2,1
20190312,297875518.0890559,1,0,22,2,1
20190313,299745253.0260711,1,0,22,2,1
20190314,294368889.09764206,1,0,22,2,1
20190315,297344564.63542014,1,0,22,2,1
20190316,303196162.8576466,1,0,22,2,1
20190317,321858254.66143847,1,0,22,2,1
20190318,321777909.82176155,1,0,22,2,1
20190319,317700566.3638788,1,0,22,2,1
20190320,314883397.02415776,1,0,22,2,1
20190321,315334005.8234227,1,0,22,2,1
20190322,312695904.8735388,1,0,22,2,1
20190323,305343202.7961671,1,0,22,2,1
20190324,307080490.30828774,1,0,22,2,1
20190325,308232386.9407688,1,0,22,2,1
20190326,302280078.743758,1,0,22,2,1
20190327,298437920.3349767,1,0,22,2,1
20190328,313603413.537449,1,0,22,2,1
20190329,306679737.2073224,1,0,22,2,1
20190330,315414479.38812846,1,0,22,2,1
20190331,320989546.6629193,1,0,22,2,1
20190401,318234807.05035585,1,0,22,2,1
20190402,315797725.18937993,1,0,22,2,1
20190403,345047752.1604389,1,0,22,2,1
20190404,376345852.8440682,1,0,22,2,1
20190405,361609813.4649829,1,0,22,2,1
20190406,370359094.63567907,1,0,22,2,1
20190407,369642029.8751502,1,0,22,2,1
20190408,380067459.444917,1,0,22,2,1
20190409,399641460.9117817,1,0,22,2,1
20190410,399571610.6380378,1,0,22,2,1
20190411,407499477.991991,1,0,22,2,1
20190412,372795697.0498861,1,0,22,2,1
20190413,373316367.28055227,1,0,22,2,1
20190414,365542601.70111346,1,0,22,2,1
20190415,366278197.8155499,1,0,22,2,1
20190416,369264028.57068205,1,0,22,2,1
20190417,359298439.67703533,1,0,22,2,1
20190418,371930103.4754332,1,0,22,2,1
20190419,377838948.39400864,1,0,22,2,1
20190420,380474527.83401394,1,0,22,2,1
20190421,373746649.16765976,1,0,22,2,1
20190422,363404892.0329343,1,0,22,2,1
20190423,371161943.42243063,1,0,22,2,1
20190424,378743476.6416767,1,0,22,2,1
20190425,354902535.62005067,1,0,22,2,1
20190426,350601417.5003403,1,0,22,2,1
20190427,333854199.97644067,1,0,22,2,1
20190428,331935354.5303272,1,0,22,2,1
20190429,336672692.8671907,1,0,22,2,1
20190430,326074098.9006192,1,0,22,2,1
20190501,340570939.790675,1,0,22,2,1
20190502,348043838.8083432,1,0,22,2,1
20190503,341079873.0430404,1,0,22,2,1
20190504,348923222.9350307,1,0,22,2,1
20190505,344502886.6947216,1,0,22,2,1
20190506,345357531.5903565,1,0,22,2,1
20190507,345355038.0607484,1,0,22,2,1
20190508,376082203.26194197,1,0,22,2,1
20190509,355773309.17389834,1,0,22,2,1
20190510,357371457.2308628,1,0,22,2,1
20190511,353662253.3014344,1,0,22,2,1
20190512,380541293.31675404,1,0,22,2,1
20190513,385908572.8638186,1,0,22,2,1
20190514,392095037.2663873,1,0,22,2,1
20190515,418285030.8787179,1,0,22,2,1
20190516,459616077.4341475,1,0,22,2,1
20190517,464166998.5425897,1,0,22,2,1
20190518,429929092.23945487,1,0,22,2,1
20190519,440514936.2394329,1,0,22,2,1
20190520,470431999.443632,1,0,22,2,1
20190521,460658584.9964333,1,0,22,2,1
20190522,459230909.9218046,1,0,22,2,1
20190523,459472548.0478033,1,0,22,2,1
20190524,437468041.70030975,1,0,22,2,1
20190525,470866709.1785052,1,0,22,2,1
20190526,479118815.1938913,1,0,22,2,1
20190527,460906114.14769506,1,0,22,2,1
20190528,488747160.75559753,1,0,22,2,1
20190529,477375818.3455182,1,0,22,2,1
20190530,473495102.00653005,1,0,22,2,1
20190531,494227302.809629,1,0,22,2,1
20190601,452882807.9187562,1,0,22,2,1
20190602,478412395.3149899,1,0,22,2,1
20190603,480180302.67533255,1,0,22,2,1
20190604,468952652.300308,1,0,22,2,1
20190605,438073407.9267753,1,0,22,2,1
20190606,439775419.93428934,1,0,22,2,1
20190607,444297323.2990541,1,0,22,2,1
20190608,447605913.5957063,1,0,22,2,1
20190609,448351880.1790335,1,0,22,2,1
20190610,438480354.1169965,1,0,22,2,1
20190611,440517230.83969915,1,0,22,2,1
20190612,435970535.7666492,1,0,22,2,1
20190613,452550619.68512076,1,0,22,2,1
20190614,464851007.99379796,1,0,22,2,1
20190615,462761666.2712247,1,0,22,2,1
20190616,473796146.7767388,1,0,22,2,1
20190617,487335762.04343724,1,0,22,2,1
20190618,491236665.34672457,1,0,22,2,1
20190619,483154914.803848,1,0,22,2,1
20190620,482631807.9593107,1,0,22,2,1
20190621,483934157.6678034,1,0,22,2,1
20190622,520731644.948296,1,0,22,2,1
20190623,549489740.834414,1,0,22,2,1
20190624,547492280.7627176,1,0,22,2,1
20190625,548986684.6711022,1,0,22,2,1
20190626,547421035.8039265,1,0,22,2,1
20190627,572277800.8120476,1,0,22,2,1
20190628,533428657.93231225,1,0,22,2,1
20190629,527010422.6511536,1,0,22,2,1
20190630,522784133.8956031,1,0,22,2,1
20190701,516677770.94552475,1,0,22,2,1
20190702,509328879.6431101,1,0,22,2,1
20190703,481484906.7998158,1,0,22,2,1
20190704,510831384.79106134,1,0,22,2,1
20190705,516380463.0677994,1,0,22,2,1
20190706,515225053.3051125,1,0,22,2,1
20190707,506982357.9119053,1,0,22,2,1
20190708,514254031.9830238,1,0,22,2,1
20190709,540719998.1824768,1,0,22,2,1
20190710,545944678.8289315,1,0,22,2,1
20190711,538966907.7774963,1,0,22,2,1
20190712,484820427.7833299,1,0,22,2,1
20190713,490934438.0645247,1,0,22,2,1
20190714,474299359.8868121,1,0,22,2,1
20190715,438400436.6345294,1,0,22,2,1
20190716,437730157.6988632,1,0,22,2,1
20190717,447412045.96190953,1,0,22,2,1
20190718,426252539.4976402,1,0,22,2,1
20190719,418617388.14084524,1,0,22,2,1
20190720,419971290.90930843,1,0,22,2,1
20190721,437987215.683558,1,0,22,2,1
20190722,471705042.0230985,1,0,22,2,1
20190723,421997289.6277974,1,0,22,2,1
20190724,395512282.49458355,1,0,22,2,1
20190725,430989389.6196425,1,0,22,2,1
20190726,411929730.93968815,1,0,22,2,1
20190727,409005871.7017575,1,0,22,2,1
20190728,395584130.8129228,1,0,22,2,1
20190729,397065079.1439975,1,0,22,2,1
20190730,395728592.4733173,1,0,22,2,1
20190731,395234876.4969375,1,0,22,2,1
20190801,403575484.3309693,1,0,22,2,1
20190802,403697344.92549974,1,0,22,2,1
20190803,415102036.5890784,1,0,22,2,1
20190804,421074736.8949151,1,0,22,2,1
20190805,416022911.6162463,1,0,22,2,1
20190806,438567313.5450102,1,0,22,2,1
20190807,426136621.994836,1,0,22,2,1
20190808,424363722.0521991,1,0,22,2,1
20190809,418595836.0098637,1,0,22,2,1
20190810,422258068.1878044,1,0,22,2,1
20190811,422289520.70734876,1,0,22,2,1
20190812,428482439.16033405,1,0,22,2,1
20190813,431621675.8937506,1,0,22,2,1
20190814,436029653.5231872,1,0,22,2,1
20190815,435178556.6702536,1,0,22,2,1
20190816,403427131.0338797,1,0,22,2,1
20190817,403783296.94482857,1,0,22,2,1
20190818,409079853.7670608,1,0,22,2,1
20190819,411885668.6389706,1,0,22,2,1
20190820,440082726.6918445,1,0,22,2,1
20190821,435681764.5311766,1,0,22,2,1
20190822,420735922.32784355,1,0,22,2,1
20190823,419490045.3134345,1,0,22,2,1
20190824,425937789.90382975,1,0,22,2,1
20190825,424220342.29537004,1,0,22,2,1
20190826,426960805.37037617,1,0,22,2,1
20190827,428554263.61115384,1,0,22,2,1
20190828,421947089.89205974,1,0,22,2,1
20190829,433092531.3069073,1,0,22,2,1
20190830,402040103.1454249,1,0,22,2,1
20190831,413086177.7095217,1,0,22,2,1
20190901,408570838.6511902,1,0,22,2,1
20190902,408380918.1426235,1,0,22,2,1
20190903,414146275.1108909,1,0,22,2,1
20190904,427311286.86723644,1,0,22,2,1
20190905,437562586.7343335,1,0,22,2,1
20190906,424462471.75314164,1,0,22,2,1
20190907,429101794.7534008,1,0,22,2,1
20190908,415337563.96908194,1,0,22,2,1
20190909,436983728.82339394,1,0,22,2,1
20190910,440584279.6181926,1,0,22,2,1
20190911,441784801.0145426,1,0,22,2,1
20190912,437105242.46305084,1,0,22,2,1
20190913,439301006.28728664,1,0,22,2,1
20190914,444303049.37561905,1,0,22,2,1
20190915,443846428.19346213,1,0,22,2,1
20190916,463027764.40305984,1,0,22,2,1
20190917,475705399.82893306,1,0,22,2,1
20190918,489380673.19357836,1,0,22,2,1
20190919,512192087.87745565,1,0,22,2,1
20190920,507316803.3747187,1,0,22,2,1
20190921,525964504.19748425,1,0,22,2,1
20190922,521737600.1553576,1,0,22,2,1
20190923,511752733.91683817,1,0,22,2,1
20190924,508589383.63577,1,0,22,2,1
20190925,479854945.0064637,1,0,22,2,1
20190926,419781413.9197795,1,0,22,2,1
20190927,430558486.47548413,1,0,22,2,1
20190928,435489668.1866118,1,0,22,2,1
20190929,452411042.7155572,1,0,22,2,1
20190930,444355451.30424535,1,0,22,2,1
20191001,448844437.0359003,1,0,22,2,1
20191002,462916602.4264716,1,0,22,2,1
20191003,456114081.10455775,1,0,22,2,1
20191004,457463617.38916945,1,0,22,2,1
20191005,455117554.21520114,1,0,22,2,1
20191006,454603161.1712879,1,0,22,2,1
20191007,450389169.21055025,1,0,22,2,1
20191008,453173412.5231336,1,0,22,2,1
20191009,470371925.1140622,1,0,22,2,1
20191010,480976641.33262503,1,0,22,2,1
20191011,498275034.3794145,1,0,22,2,1
20191012,488657421.55881125,1,0,22,2,1
20191013,485454137.0777433,1,0,22,2,1
20191014,482396125.5027392,1,0,22,2,1
20191015,485902720.2494505,1,0,22,2,1
20191016,489271281.04327625,1,0,22,2,1
20191017,469662766.37367284,1,0,22,2,1
20191018,477060079.8434055,1,0,22,2,1
20191019,474874218.572372,1,0,22,2,1
20191020,477113167.19831437,1,0,22,2,1
20191021,473488933.96700484,1,0,22,2,1
20191022,482262007.4421783,1,0,22,2,1
20191023,489623292.932028,1,0,22,2,1
20191024,506217741.8739629,1,0,22,2,1
20191025,477758881.333312,1,0,22,2,1
20191026,496579015.2588624,1,0,22,2,1
20191027,552402385.1363431,1,0,22,2,1
20191028,569429895.6681185,1,0,22,2,1
20191029,583420862.9863471,1,0,22,2,1
20191030,595662911.1125287,1,0,22,2,1
20191031,573765290.1498158,1,0,22,2,1
20191101,544804883.6943661,1,0,22,2,1
20191102,548951987.0249641,1,0,22,2,1
20191103,550979774.4581742,1,0,22,2,1
20191104,548333787.3945096,1,0,22,2,1
20191105,587547222.7190286,1,0,22,2,1
20191106,584495180.1280841,1,0,22,2,1
20191107,585756349.8035985,1,0,22,2,1
20191108,580305833.7346008,1,0,22,2,1
20191109,592038351.9680367,1,0,22,2,1
20191110,591484347.9759493,1,0,22,2,1
20191111,583551587.3258907,1,0,22,2,1
20191112,585979231.7461505,1,0,22,2,1
20191113,599998211.7832402,1,0,22,2,1
20191114,592593633.4671459,1,0,22,2,1
20191115,587105227.1228018,1,0,22,2,1
20191116,575694237.3194906,1,0,22,2,1
20191117,555186471.0273501,1,0,22,2,1
20191118,585460134.776417,1,0,22,2,1
20191119,598402576.1970803,1,0,22,2,1
20191120,585596285.0805776,1,0,22,2,1
20191121,602370242.5163529,1,0,22,2,1
20191122,597947338.8653862,1,0,22,2,1
20191123,560974266.921052,1,0,22,2,1
20191124,567347366.3895828,1,0,22,2,1
20191125,572148056.8199539,1,0,22,2,1
20191126,582083133.9661763,1,0,22,2,1
20191127,606887780.9920827,1,0,22,2,1
20191128,611170771.3283821,1,0,22,2,1
20191129,656771217.706704,1,0,22,2,1
20191130,638375845.9896573,1,0,22,2,1
20191201,620387983.6324016,1,0,22,2,1
20191202,604117788.1742126,1,0,22,2,1
20191203,595822985.7241948,1,0,22,2,1
20191204,617901432.0294563,1,0,22,2,1
20191205,614151915.9355631,1,0,22,2,1
20191206,619863324.6045856,1,0,22,2,1
20191207,614226026.0518624,1,0,22,2,1
20191208,617885336.3636308,1,0,22,2,1
20191209,611213434.7081398,1,0,22,2,1
20191210,639757021.6356561,1,0,22,2,1
20191211,626886211.0382816,1,0,22,2,1
20191212,613360567.1486436,1,0,22,2,1
20191213,614253038.7516999,1,0,22,2,1
20191214,625874672.168554,1,0,22,2,1
20191215,617888344.4345663,1,0,22,2,1
20191216,630658483.5628852,1,0,22,2,1
20191217,630520758.8474127,1,0,22,2,1
20191218,609207097.0654306,1,0,22,2,1
20191219,573434955.7668257,1,0,22,2,1
20191220,605391881.925222,1,0,22,2,1
20191221,613476469.5582541,1,0,22,2,1
20191222,615772328.7608076,1,0,22,2,1
20191223,621979441.4655286,1,0,22,2,1
20191224,636154215.0757531,1,0,22,2,1
20191225,622492406.6439523,1,0,22,2,1
20191226,616503556.7556529,1,0,22,2,1
20191227,614066663.6835331,1,0,22,2,1
20191228,605788776.092108,1,0,22,2,1
20191229,618880279.6533893,1,0,22,2,1
20191230,622748813.1376933,1,0,22,2,1
20191231,635330009.9281731,1,0,22,2,1
20200101,630256116.1408342,1,0,22,2,1
20200102,630280039.9781222,1,0,22,2,1
20200103,624668137.3882036,1,0,22,2,1
20200104,633498063.062361,1,0,22,2,1
20200105,635616183.7455039,1,0,22,2,1
20200106,639741701.5506052,1,0,22,2,1
20200107,654415578.8840553,1,0,22,2,1
20200108,640899039.4416481,1,0,22,2,1
20200109,667594466.4557991,1,0,22,2,1
20200110,625459174.0485355,1,0,22,2,1
20200111,625076862.0611334,1,0,22,2,1
20200112,648306671.6882224,1,0,22,2,1
20200113,630535233.279511,1,0,22,2,1
20200114,650786654.6196349,1,0,22,2,1
20200115,687056755.9584765,1,0,22,2,1
20200116,748252468.977112,1,0,22,2,1
20200117,729165211.3155968,1,0,22,2,1
20200118,766003335.2646304,1,0,22,2,1
20200119,758847516.3154762,1,0,22,2,1
20200120,753855102.080276,1,0,22,2,1
20200121,722981666.0328482,1,0,22,2,1
20200122,756929912.4629633,1,0,22,2,1
20200123,755231997.9846027,1,0,22,2,1
20200124,744516702.3884374,1,0,22,2,1
20200125,736935176.3909276,1,0,22,2,1
20200126,734036690.0224997,1,0,22,2,1
20200127,742364859.8301133,1,0,22,2,1
20200128,772583887.3397038,1,0,22,2,1
20200129,805164314.3436542,1,0,22,2,1
20200130,820297727.0284615,1,0,22,2,1
20200131,823983173.855615,1,0,22,2,1
20200201,836630770.9206924,1,0,22,2,1
20200202,847459547.2767991,1,0,22,2,1
20200203,868778437.9220414,1,0,22,2,1
20200204,859745870.5779498,1,0,22,2,1
20200205,854237351.7641221,1,0,22,2,1
20200206,889209423.8012999,1,0,22,2,1
20200207,926807559.9070252,1,0,22,2,1
20200208,960422543.3865497,1,0,22,2,1
20200209,967726367.3468968,1,0,22,2,1
20200210,968599446.7805091,1,0,22,2,1
20200211,924247101.3554517,1,0,22,2,1
20200212,964086348.2930759,1,0,22,2,1
20200213,1046655061.6025826,1,0,22,2,1
20200214,1073679772.2915506,1,0,22,2,1
20200215,1107898974.8581657,1,0,22,2,1
20200216,1128865772.0804472,1,0,22,2,1
20200217,1080939645.1336267,1,0,22,2,1
20200218,1027049332.0621985,1,0,22,2,1
20200219,1075772239.006998,1,0,22,2,1
20200220,1049208536.3273773,1,0,22,2,1
20200221,955535451.4711652,1,0,22,2,1
20200222,984913519.228722,1,0,22,2,1
20200223,849151243.7322735,1,0,22,2,1
20200224,1016395901.928359,1,0,22,2,1
20200225,1023700876.4900371,1,0,22,2,1
20200226,994597176.9280467,1,0,22,2,1
20200227,913565435.7092857,1,0,22,2,1
20200228,903744803.1173025,1,0,22,2,1
20200229,879343743.6353846,1,0,22,2,1
20200301,902093912.3029726,1,0,22,2,1
20200302,893300731.687148,1,0,22,2,1
20200303,886917719.6879586,1,0,22,2,1
20200304,912071078.4290577,1,0,22,2,1
20200305,897073963.9229654,1,0,22,2,1
20200306,916317901.5157404,1,0,22,2,1
20200307,928874143.2348331,1,0,22,2,1
20200308,945575685.2818718,1,0,22,2,1
20200309,900106360.2053607,1,0,22,2,1
20200310,826360447.5382589,1,0,22,2,1
20200311,831285546.7738996,1,0,22,2,1
20200312,836755062.0058442,1,0,22,2,1
20200313,591688678.792603,1,0,22,2,1
20200314,553535940.7917125,1,0,22,2,1
20200315,556696443.7806356,1,0,22,2,1
20200316,538923577.8083273,1,0,22,2,1
20200317,455906692.01423424,1,0,22,2,1
20200318,493411283.712122,1,0,22,2,1
20200319,486277471.1942533,1,0,22,2,1
20200320,518981129.2052264,1,0,22,2,1
20200321,580638245.9823135,1,0,22,2,1
20200322,541943740.3514576,1,0,22,2,1
20200323,532798762.5684395,1,0,22,2,1
20200324,521934385.61552894,1,0,22,2,1
20200325,565396099.6371492,1,0,22,2,1
20200326,556541294.2579448,1,0,22,2,1
20200327,571190981.4552883,1,0,22,2,1
20200328,575399697.5758082,1,0,22,2,1
20200329,560498454.2631515,1,0,22,2,1
20200330,558066318.3378698,1,0,22,2,1
20200331,570224619.0791464,1,0,22,2,1
20200401,580291181.7707944,1,0,22,2,1
20200402,585748717.1368318,1,0,22,2,1
20200403,602206250.5460082,1,0,22,2,1
20200404,630651889.0994833,1,0,22,2,1
20200405,620191450.0480939,1,0,22,2,1
20200406,624028472.8987762,1,0,22,2,1
20200407,644709966.9080161,1,0,22,2,1
20200408,691744125.236986,1,0,22,2,1
20200409,676337147.8874265,1,0,22,2,1
20200410,681000152.7714219,1,0,22,2,1
20200411,632418306.1111709,1,0,22,2,1
20200412,638853498.7922379,1,0,22,2,1
20200413,634153859.5967678,1,0,22,2,1
20200414,628934691.3032061,1,0,22,2,1
20200415,636026105.1147912,1,0,22,2,1
20200416,633914452.2527114,1,0,22,2,1
20200417,667111573.1083714,1,0,22,2,1
20200418,677899025.9922743,1,0,22,2,1
20200419,689751823.1962055,1,0,22,2,1
20200420,734344828.4323348,1,0,22,2,1
20200421,712390106.1780514,1,0,22,2,1
20200422,685984741.5473328,1,0,22,2,1
20200423,708584234.6151661,1,0,22,2,1
20200424,721965290.4671613,1,0,22,2,1
20200425,730226412.1811545,1,0,22,2,1
20200426,739507135.9411345,1,0,22,2,1
20200427,744522265.7252924,1,0,22,2,1
20200428,751380604.0576123,1,0,22,2,1
20200429,764927612.7202933,1,0,22,2,1
20200430,809669283.4679592,1,0,22,2,1
20200501,801459294.4869752,1,0,22,2,1
20200502,813647351.5020293,1,0,22,2,1
20200503,824471946.419552,1,0,22,2,1
20200504,840676313.406145,1,0,22,2,1
20200505,796873998.6122859,1,0,22,2,1
20200506,805087797.6328939,1,0,22,2,1
20200507,848433937.0258917,1,0,22,2,1
20200508,822566052.8778106,1,0,22,2,1
20200509,846228659.4852045,1,0,22,2,1
20200510,789759013.1863843,1,0,22,2,1
20200511,804031987.5999364,1,0,22,2,1
20200512,722423733.3989522,1,0,22,2,1
20200513,773770165.4362931,1,0,22,2,1
20200514,780359790.7179569,1,0,22,2,1
20200515,802032699.2540174,1,0,22,2,1
20200516,730801098.6505412,1,0,22,2,1
20200517,796102430.8684462,1,0,22,2,1
20200518,806644373.0467092,1,0,22,2,1
20200519,824110801.1752796,1,0,22,2,1
20200520,835140388.8547643,1,0,22,2,1
20200521,849921142.7196896,1,0,22,2,1
20200522,768434721.7903088,1,0,22,2,1
20200523,767119517.5745103,1,0,22,2,1
20200524,837096248.2726146,1,0,22,2,1
20200525,828290886.834257,1,0,22,2,1
20200526,816277185.879503,1,0,22,2,1
20200527,822489811.2358571,1,0,22,2,1
20200528,837855903.3288654,1,0,22,2,1
20200529,833396708.7622334,1,0,22,2,1
20200530,859359880.5346508,1,0,22,2,1
20200531,906194994.1310302,1,0,22,2,1
20200601,928163379.5081311,1,0,22,2,1
20200602,929589986.3017972,1,0,22,2,1
20200603,962393684.929059,1,0,22,2,1
20200604,955949666.6260681,1,0,22,2,1
20200605,958718384.6548564,1,0,22,2,1
20200606,991363729.6783012,1,0,22,2,1
20200607,993548566.7628999,1,0,22,2,1
20200608,982884855.9022965,1,0,22,2,1
20200609,982303382.4063945,1,0,22,2,1
20200610,962017479.8840222,1,0,22,2,1
20200611,931936990.7195475,1,0,22,2,1
20200612,1004275593.3239065,1,0,22,2,1
20200613,900688348.812258,1,0,22,2,1
20200614,972648949.4596046,1,0,22,2,1
20200615,807314393.7481388,1,0,22,2,1
20200616,938153312.8733308,1,0,22,2,1
20200617,954419188.0332232,1,0,22,2,1
20200618,1043441304.9152701,1,0,22,2,1
20200619,1237883511.4639826,1,0,22,2,1
20200620,1312566840.4795358,1,0,22,2,1
20200621,1417648166.644379,1,0,22,2,1
20200622,1504674801.797605,1,0,22,2,1
20200623,1412217459.0273643,1,0,22,2,1
20200624,1570477378.0862534,1,0,22,2,1
20200625,1610280240.0668607,1,0,22,2,1
20200626,1680503898.2854662,1,0,22,2,1
20200627,1705878173.3787034,1,0,22,2,1
20200628,1675189765.3571422,1,0,22,2,1
20200629,1710132262.7226944,1,0,22,2,1
20200630,1714997769.5593152,1,0,22,2,1
20200701,1620197232.5624027,1,0,22,2,1
20200702,1772099891.714603,1,0,22,2,1
20200703,1769826448.005059,1,0,22,2,1
20200704,1820793268.639208,1,0,22,2,1
20200705,1917364743.3129056,1,0,22,2,1
20200706,1876482121.9773786,1,0,22,2,1
20200707,2066622528.4826388,1,0,22,2,1
20200708,2088172881.4710944,1,0,22,2,1
20200709,2194513859.8462787,1,0,22,2,1
20200710,2229857773.0058565,1,0,22,2,1
20200711,2240042038.668597,1,0,22,2,1
20200712,2201558227.8689795,1,0,22,2,1
20200713,2307518219.7668576,1,0,22,2,1
20200714,2334892514.956606,1,0,22,2,1
20200715,2282664541.151514,1,0,22,2,1
20200716,2329574778.1400332,1,0,22,2,1
20200717,2315251722.2787914,1,0,22,2,1
20200718,2434940794.4477677,1,0,22,2,1
20200719,2292019865.312061,1,0,22,2,1
20200720,2596242872.1910796,1,0,22,2,1
20200721,2685486200.9898567,1,0,22,2,1
20200722,2852406472.5766935,1,0,22,2,1
20200723,3122146813.417195,1,0,22,2,1
20200724,3288596123.781162,1,0,22,2,1
20200725,3590615683.807305,1,0,22,2,1
20200726,3730706890.3576427,1,0,22,2,1
20200727,3668128396.1749144,1,0,22,2,1
20200728,3449095855.902677,1,0,22,2,1
20200729,3423700850.031017,1,0,22,2,1
20200730,3477747879.3813376,1,0,22,2,1
20200731,3548862871.0936537,1,0,22,2,1
20200801,3746584141.9780936,1,0,22,2,1
20200802,3955965941.1046405,1,0,22,2,1
20200803,3940969956.902795,1,0,22,2,1
20200804,4164131613.037785,1,0,22,2,1
20200805,4186921292.704695,1,0,22,2,1
20200806,4362679707.986738,1,0,22,2,1
20200807,3301368083.027375,1,0,22,2,1
20200808,4355514883.880757,1,0,22,2,1
20200809,4376698374.3673,1,0,22,2,1
20200810,4498454247.992831,1,0,22,2,1
20200811,4610478313.261672,1,0,22,2,1
20200812,4552829935.007962,1,0,22,2,1
20200813,4516062088.616985,1,0,22,2,1
20200814,4686600859.164367,1,0,22,2,1
20200815,5080108362.12499,1,0,22,2,1
20200816,5741621851.651315,1,0,22,2,1
20200817,5878097574.488603,1,0,22,2,1
20200818,6162105722.4333935,1,0,22,2,1
20200819,6215388061.209602,1,0,22,2,1
20200820,6259555325.445117,1,0,22,2,1
20200821,6533485924.568667,1,0,22,2,1
20200822,6618974887.2364025,1,0,22,2,1
20200823,6519432878.632944,1,0,22,2,1
20200824,6651451790.195199,1,0,22,2,1
20200825,6732255922.39601,1,0,22,2,1
20200826,6925149377.066745,1,0,22,2,1
20200827,7140783635.264486,1,0,22,2,1
20200828,7224761896.375179,1,0,22,2,1
20200829,7575641338.825579,1,0,22,2,1
20200830,7964990202.293372,1,0,22,2,1
20200831,8458757314.915967,1,0,22,2,1
20200901,8830846516.71046,1,0,22,2,1
20200902,9644186779.227123,1,0,22,2,1
20200903,9347221609.720287,1,0,22,2,1
20200904,9388380259.443493,1,0,22,2,1
20200905,9185815822.913784,1,0,22,2,1
20200906,7920906858.33265,1,0,22,2,1
20200907,8096225805.180987,1,0,22,2,1
20200908,7252479279.511558,1,0,22,2,1
20200909,7163971348.129686,1,0,22,2,1
20200910,7389429842.111725,1,0,22,2,1
20200911,8068832695.744872,1,0,22,2,1
20200912,8154493398.438248,1,0,22,2,1
20200913,8321028858.594216,1,0,22,2,1
20200914,8196339425.226349,1,0,22,2,1
20200915,8313432181.303636,1,0,22,2,1
20200916,7779804827.769264,1,0,22,2,1
20200917,7885684530.163386,1,0,22,2,1
20200918,8355492335.8883295,1,0,22,2,1
20200919,8764406103.864904,1,0,22,2,1
20200920,9272251894.54982,1,0,22,2,1
20200921,9672998980.599873,1,0,22,2,1
20200922,9153851721.65824,1,0,22,2,1
20200923,9150225474.492144,1,0,22,2,1
20200924,9275086344.226881,1,0,22,2,1
20200925,9416347427.465813,1,0,22,2,1
20200926,9789673375.245094,1,0,22,2,1
20200927,10748142127.526825,1,0,22,2,1
20200928,10679045128.376244,1,0,22,2,1
20200929,10822935997.559105,1,0,22,2,1
20200930,10695886657.842165,1,0,22,2,1
20201001,10529443541.23177,1,0,22,2,1
20201002,10605768838.058247,1,0,22,2,1
20201003,10144885850.302528,1,0,22,2,1
20201004,10307945636.896044,1,0,22,2,1
20201005,10251286369.916985,1,0,22,2,1
20201006,10105651840.598307,1,0,22,2,1
20201007,9790107905.0565,1,0,22,2,1
20201008,9502820539.177452,1,0,22,2,1
20201009,9610529053.15139,1,0,22,2,1
20201010,10020433592.063421,1,0,22,2,1
20201011,10325747861.228287,1,0,22,2,1
20201012,10334605300.219242,1,0,22,2,1
20201013,10361299307.125792,1,0,22,2,1
20201014,10429493276.36537,1,0,22,2,1
20201015,10383765764.9351,1,0,22,2,1
20201016,10266166493.405195,1,0,22,2,1
20201017,10056511386.64001,1,0,22,2,1
20201018,10022198986.228949,1,0,22,2,1
20201019,10088255787.041367,1,0,22,2,1
20201020,10126039555.07266,1,0,22,2,1
20201021,9931317693.898586,1,0,22,2,1
20201022,10005573695.42341,1,0,22,2,1
20201023,10099071635.101538,1,0,22,2,1
20201024,10289459389.103188,1,0,22,2,1
20201025,10388985879.451586,1,0,22,2,1
20201026,13191658054.696945,1,0,22,2,1
20201027,12464755349.514687,1,0,22,2,1
20201028,12547569948.962246,1,0,22,2,1
20201029,12459450976.382418,1,0,22,2,1
20201030,12459206027.969414,1,0,22,2,1
20201031,13065624147.767496,1,0,22,2,1
20201101,13338435987.553213,1,0,22,2,1
20201102,13332192732.663183,1,0,22,2,1
20201103,13295977192.80528,1,0,22,2,1
20201104,13349473682.679897,1,0,22,2,1
20201105,13454275273.896051,1,0,22,2,1
20201106,13927131766.561548,1,0,22,2,1
20201107,14555962319.302727,1,0,22,2,1
20201108,14581672918.70598,1,0,22,2,1
20201109,14690143561.594822,1,0,22,2,1
20201110,15165616308.45184,1,0,22,2,1
20201111,15231910874.196033,1,0,22,2,1
20201112,15809084262.180439,1,0,22,2,1
20201113,15692246175.898027,1,0,22,2,1
20201114,16057881025.586342,1,0,22,2,1
20201115,15847283108.918419,1,0,22,2,1
20201116,15793178352.543644,1,0,22,2,1
20201117,15963153554.862349,1,0,22,2,1
20201118,15688095756.113443,1,0,22,2,1
20201119,15990397227.403595,1,0,22,2,1
20201120,15948443889.722279,1,0,22,2,1
20201121,16760039696.814447,1,0,22,2,1
20201122,16678809256.934124,1,0,22,2,1
20201123,16690768020.071302,1,0,22,2,1
20201124,16750938577.501749,1,0,22,2,1
20201125,16908853386.786484,1,0,22,2,1
20201126,16748066402.44856,1,0,22,2,1
20201127,15315710046.06619,1,0,22,2,1
20201128,15172380705.982216,1,0,22,2,1
20201129,15635386429.72236,1,0,22,2,1
20201130,16234852978.77172,1,0,22,2,1
20201201,17152127606.00455,1,0,22,2,1
20201202,17069702794.993956,1,0,22,2,1
20201203,17088173608.963913,1,0,22,2,1
20201204,17464867147.24398,1,0,22,2,1
20201205,16944875121.342342,1,0,22,2,1
20201206,17182445542.12584,1,0,22,2,1
20201207,17314231605.430855,1,0,22,2,1
20201208,17343625426.648434,1,0,22,2,1
20201209,16849166085.969212,1,0,22,2,1
20201210,16778326625.801151,1,0,22,2,1
20201211,16586763937.934982,1,0,22,2,1
20201212,16202747974.389473,1,0,22,2,1
20201213,16707649968.395449,1,0,22,2,1
20201214,17198537014.474785,1,0,22,2,1
20201215,17196860566.86205,1,0,22,2,1
20201216,17563751107.780823,1,0,22,2,1
20201217,17773299160.496216,1,0,22,2,1
20201218,18587639329.193336,1,0,22,2,1
20201219,18535663268.034782,1,0,22,2,1
20201220,19250813679.412415,1,0,22,2,1
20201221,18987183905.882347,1,0,22,2,1
20201222,18369301574.742302,1,0,22,2,1
20201223,18851958199.93413,1,0,22,2,1
20201224,19262765028.874786,1,0,22,2,1
20201225,18831402220.07032,1,0,22,2,1
20201226,19659146530.7944,1,0,22,2,1
20201227,20056983522.796844,1,0,22,2,1
20201228,20059035359.753887,1,0,22,2,1
20201229,20349714989.288074,1,0,22,2,1
20201230,21059237253.75544,1,0,22,2,1
20201231,20311952970.853043,1,0,22,2,1
20210101,20746489911.320137,1,0,22,2,1
20210102,20808759112.1679,1,0,22,2,1
20210103,21344204230.422184,1,0,22,2,1
20210104,23187818360.79873,1,0,22,2,1
20210105,23879277386.80683,1,0,22,2,1
20210106,25785647522.04627,1,0,22,2,1
20210107,27942773446.69328,1,0,22,2,1
20210108,29166183533.96166,1,0,22,2,1
20210109,30061195775.6081,1,0,22,2,1
20210110,30040380406.458206,1,0,22,2,1
20210111,30202527952.563572,1,0,22,2,1
20210112,26910779429.77503,1,0,22,2,1
20210113,27259306864.125893,1,0,22,2,1
20210114,28527559358.60278,1,0,22,2,1
20210115,29968516744.87394,1,0,22,2,1
20210116,29309353805.945457,1,0,22,2,1
20210117,30168700884.121166,1,0,22,2,1
20210118,30219925429.3583,1,0,22,2,1
20210119,30223003502.50865,1,0,22,2,1
20210120,31796137122.30557,1,0,22,2,1
20210121,30354059873.325848,1,0,22,2,1
20210122,28149586474.94081,1,0,22,2,1
20210123,29130828670.769527,1,0,22,2,1
20210124,29804531831.853546,1,0,22,2,1
20210125,31635845537.611107,1,0,22,2,1
20210126,32337989699.14174,1,0,22,2,1
20210127,31814893915.41662,1,0,22,2,1
20210128,30771053043.20839,1,0,22,2,1
20210129,32415972361.117577,1,0,22,2,1
20210130,34092088451.820583,1,0,22,2,1
20210131,34032596458.483456,1,0,22,2,1
20210201,33950481625.548424,1,0,22,2,1
20210202,34296504176.582764,1,0,22,2,1
20210203,36303767455.029526,1,0,22,2,1
20210204,40183249553.43335,1,0,22,2,1
20210205,41512620561.06062,1,0,22,2,1
20210206,43840660012.95743,1,0,22,2,1
20210207,44266615451.29258,1,0,22,2,1
20210208,43197894516.09452,1,0,22,2,1
20210209,46502601957.33995,1,0,22,2,1
20210210,48676362770.2862,1,0,22,2,1
20210211,49503863694.14519,1,0,22,2,1
20210212,51014432216.85695,1,0,22,2,1
20210213,51901645829.13481,1,0,22,2,1
20210214,50225986752.92833,1,0,22,2,1
20210215,51937285359.01981,1,0,22,2,1
20210216,51325898277.85093,1,0,22,2,1
20210217,52421665782.243866,1,0,22,2,1
20210218,53541761158.882195,1,0,22,2,1
20210219,54602645193.55736,1,0,22,2,1
20210220,55525720687.455315,1,0,22,2,1
20210221,57082906794.45229,1,0,22,2,1
20210222,57267670966.407234,1,0,22,2,1
20210223,53745424148.06567,1,0,22,2,1
20210224,46858310076.32458,1,0,22,2,1
20210225,50040531403.71172,1,0,22,2,1
20210226,48745676770.37175,1,0,22,2,1
20210227,46506240698.86524,1,0,22,2,1
20210228,47133176982.07216,1,0,22,2,1
20210301,45439701025.002914,1,0,22,2,1
20210302,49532818639.4952,1,0,22,2,1
20210303,50041913682.09032,1,0,22,2,1
20210304,52400362226.395775,1,0,22,2,1
20210305,51203765606.80883,1,0,22,2,1
20210306,50495971094.69306,1,0,22,2,1
20210307,51788000993.64066,1,0,22,2,1
20210308,50587126550.45498,1,0,22,2,1
20210309,51923600440.33347,1,0,22,2,1
20210310,55387864787.88317,1,0,22,2,1
20210311,55980460412.57795,1,0,22,2,1
20210312,56343533848.00942,1,0,22,2,1
20210313,57724695779.87392,1,0,22,2,1
20210314,61469190223.52904,1,0,22,2,1
20210315,60568226419.025986,1,0,22,2,1
20210316,51919130957.449875,1,0,22,2,1
20210317,59140466776.28936,1,0,22,2,1
20210318,59822624628.58026,1,0,22,2,1
20210319,54310275640.76836,1,0,22,2,1
20210320,62107621515.6737,1,0,22,2,1
20210321,63449884478.08706,1,0,22,2,1
20210322,54606064254.738014,1,0,22,2,1
20210323,60954189968.35784,1,0,22,2,1
20210324,59089358671.695854,1,0,22,2,1
20210325,59733826842.02009,1,0,22,2,1
20210326,51099795200.11609,1,0,22,2,1
20210327,60384323798.85643,1,0,22,2,1
20210328,54624731655.7614,1,0,22,2,1
20210329,61325672050.40851,1,0,22,2,1
20210330,57816849775.33133,1,0,22,2,1
20210331,67173163287.13689,1,0,22,2,1
20210401,59444117739.81976,1,0,22,2,1
20210402,68176681491.77783,1,0,22,2,1
20210403,63393272038.117516,1,0,22,2,1
20210404,76942568658.94537,1,0,22,2,1
20210405,67987116060.969376,1,0,22,2,1
20210406,69893292156.45895,1,0,22,2,1
20210407,79987833534.71915,1,0,22,2,1
20210408,66920700630.342316,1,0,22,2,1
20210409,77555777728.43039,1,0,22,2,1
20210410,69361098384.61945,1,0,22,2,1
20210411,80576771151.65436,1,0,22,2,1
20210412,70017630127.32584,1,0,22,2,1
20210413,70524990033.2841,1,0,22,2,1
20210414,84180134309.73634,1,0,22,2,1
20210415,77711466181.23973,1,0,22,2,1
20210416,79203632697.59642,1,0,22,2,1
20210417,90343972549.0291,1,0,22,2,1
20210418,90244456292.42123,1,0,22,2,1
20210419,74806253128.21155,1,0,22,2,1
20210420,84657568615.42883,1,0,22,2,1
20210421,85311244364.36772,1,0,22,2,1
20210422,85823873107.67345,1,0,22,2,1
20210423,78614993492.07053,1,0,22,2,1
20210424,83104278717.03506,1,0,22,2,1
20210425,81270781009.55019,1,0,22,2,1
20210426,81901768220.9471,1,0,22,2,1
20210427,89449421963.46634,1,0,22,2,1
20210428,92733797331.43938,1,0,22,2,1
20210429,95701044354.38605,1,0,22,2,1
20210430,94263393192.73294,1,0,22,2,1
20210501,96533097455.3339,1,0,22,2,1
20210502,99307297027.53532,1,0,22,2,1
20210503,99948417022.14633,1,0,22,2,1
20210504,105842524021.53444,1,0,22,2,1
20210505,98302026971.61523,1,0,22,2,1
20210506,109208792162.77373,1,0,22,2,1
20210507,100874847290.86928,1,0,22,2,1
20210508,101799024283.58899,1,0,22,2,1
20210509,103621495046.60439,1,0,22,2,1
20210510,117469384004.12819,1,0,22,2,1
20210511,106130624702.75539,1,0,22,2,1
20210512,109556635772.218,1,0,22,2,1
20210513,115641178809.5834,1,0,22,2,1
20210514,113802448954.67926,1,0,22,2,1
20210515,113331509036.81372,1,0,22,2,1
20210516,110846506039.60735,1,0,22,2,1
20210517,107423750370.27986,1,0,22,2,1
20210518,105999714531.0592,1,0,22,2,1
20210519,94236396971.16586,1,0,22,2,1
20210520,86161503687.52104,1,0,22,2,1
20210521,78943490752.68973,1,0,22,2,1
20210522,81520786232.64474,1,0,22,2,1
20210523,73219183004.66692,1,0,22,2,1
20210524,73600065596.85777,1,0,22,2,1
20210525,79134195081.63419,1,0,22,2,1
20210526,82621068154.80733,1,0,22,2,1
20210527,86636906446.46533,1,0,22,2,1
20210528,83727039572.5691,1,0,22,2,1
20210529,78973067395.40129,1,0,22,2,1
20210530,81429096461.76715,1,0,22,2,1
20210531,85736999137.6653,1,0,22,2,1
20210601,86952086381.41257,1,0,22,2,1
20210602,89673377724.46558,1,0,22,2,1
20210603,94930117346.59004,1,0,22,2,1
20210604,93943657891.41286,1,0,22,2,1
20210605,89606320122.62347,1,0,22,2,1
20210606,93164795573.8858,1,0,22,2,1
20210607,93794890677.25507,1,0,22,2,1
20210608,93615547104.04944,1,0,22,2,1
20210609,93390245702.6062,1,0,22,2,1
20210610,94684967551.88464,1,0,22,2,1
20210611,93555886947.0959,1,0,22,2,1
20210612,91868861098.43384,1,0,22,2,1
20210613,91409365847.45215,1,0,22,2,1
20210614,95168569796.35043,1,0,22,2,1
20210615,97564445743.60942,1,0,22,2,1
20210616,96849053837.36345,1,0,22,2,1
20210617,95289206599.7725,1,0,22,2,1
20210618,92679165750.00012,1,0,22,2,1
20210619,91211447523.63184,1,0,22,2,1
20210620,90800573902.09654,1,0,22,2,1
20210621,82838888438.00262,1,0,22,2,1
20210622,79138583590.64795,1,0,22,2,1
20210623,79449260942.87735,1,0,22,2,1
20210624,81928636885.66124,1,0,22,2,1
20210625,80510635294.65125,1,0,22,2,1
20210626,78698677595.75443,1,0,22,2,1
20210627,78640772931.35506,1,0,22,2,1
20210628,83572535083.40128,1,0,22,2,1
20210629,86243313690.1945,1,0,22,2,1
20210630,88742956070.97119,1,0,22,2,1
20210701,87980442118.47017,1,0,22,2,1
20210702,87983938548.0361,1,0,22,2,1
20210703,88820550629.2369,1,0,22,2,1
20210704,92246395450.94324,1,0,22,2,1
20210705,93684521477.23335,1,0,22,2,1
20210706,93342992277.85374,1,0,22,2,1
20210707,95339672916.86925,1,0,22,2,1
20210708,95463009046.04457,1,0,22,2,1
20210709,94513825194.87149,1,0,22,2,1
20210710,93636590050.95647,1,0,22,2,1
20210711,94827464492.70859,1,0,22,2,1
20210712,93585960867.5016,1,0,22,2,1
20210713,91520761991.19368,1,0,22,2,1
20210714,90929906928.12238,1,0,22,2,1
20210715,89834420832.67426,1,0,22,2,1
20210716,87443911660.19563,1,0,22,2,1
20210717,87297550630.88512,1,0,22,2,1
20210718,88078634543.58395,1,0,22,2,1
20210719,87198854887.72517,1,0,22,2,1
20210720,84995671841.88805,1,0,22,2,1
20210721,85900040702.82268,1,0,22,2,1
20210722,89361438415.66963,1,0,22,2,1
20210723,90217716391.15582,1,0,22,2,1
20210724,92179800018.3105,1,0,22,2,1
20210725,93269056721.173,1,0,22,2,1
20210726,95370253345.0582,1,0,22,2,1
20210727,94859402430.7929,1,0,22,2,1
20210728,96304055232.00952,1,0,22,2,1
20210729,95849161422.40538,1,0,22,2,1
20210730,98542666986.92572,1,0,22,2,1
20210731,100351198677.59071,1,0,22,2,1
20210801,101603875993.79729,1,0,22,2,1
20210802,101514604444.9781,1,0,22,2,1
20210803,100803275649.9536,1,0,22,2,1
20210804,102111476428.13353,1,0,22,2,1
20210805,105311835590.51256,1,0,22,2,1
20210806,107917453459.78706,1,0,22,2,1
20210807,109870554010.4286,1,0,22,2,1
20210808,112646061503.04594,1,0,22,2,1
20210809,113862906469.57303,1,0,22,2,1
20210810,115161865602.84111,1,0,22,2,1
20210811,113842887107.96797,1,0,22,2,1
20210812,114633656597.65399,1,0,22,2,1
20210813,117273717456.84676,1,0,22,2,1
20210814,119316529218.28445,1,0,22,2,1
20210815,119758444783.50316,1,0,22,2,1
20210816,119022324726.1366,1,0,22,2,1
20210817,117276217621.16766,1,0,22,2,1
20210818,116619176127.89388,1,0,22,2,1
20210819,119264297111.32477,1,0,22,2,1
20210820,122865380499.66891,1,0,22,2,1
20210821,125257606921.69124,1,0,22,2,1
20210822,125028584069.0896,1,0,22,2,1
20210823,126585348385.52159,1,0,22,2,1
20210824,126440795789.39996,1,0,22,2,1
20210825,121219157808.39172,1,0,22,2,1
20210826,123187639170.60966,1,0,22,2,1
20210827,124128823101.54797,1,0,22,2,1
20210828,126240124542.13814,1,0,22,2,1
20210829,126444193008.63089,1,0,22,2,1
20210830,125296954324.57138,1,0,22,2,1
20210831,126972713389.46774,1,0,22,2,1
20210901,132093899272.60179,1,0,22,2,1
20210902,137960464177.69516,1,0,22,2,1
20210903,139319447623.06125,1,0,22,2,1
20210904,141468031532.70233,1,0,22,2,1
20210905,142318301854.51648,1,0,22,2,1
20210906,144103260245.7148,1,0,22,2,1
20210907,137521082530.92728,1,0,22,2,1
20210908,132363340934.00735,1,0,22,2,1
20210909,131286545382.8622,1,0,22,2,1
20210910,112670702807.13844,1,0,22,2,1
20210911,113702933459.0998,1,0,22,2,1
20210912,128255009972.52628,1,0,22,2,1
20210913,127847205873.08702,1,0,22,2,1
20210914,128537900629.25426,1,0,22,2,1
20210915,133922429664.00769,1,0,22,2,1
20210916,136016340016.67888,1,0,22,2,1
20210917,135417388773.73845,1,0,22,2,1
20210918,134745627190.7599,1,0,22,2,1
20210919,134427670088.13832,1,0,22,2,1
20210920,127379918246.79259,1,0,22,2,1
20210921,118434978399.1794,1,0,22,2,1
20210922,119841235037.138,1,0,22,2,1
20210923,124971323672.06181,1,0,22,2,1
20210924,123853724634.31331,1,0,22,2,1
20210925,121479317261.9706,1,0,22,2,1
20210926,123207909892.83409,1,0,22,2,1
20210927,123699548724.32936,1,0,22,2,1
20210928,120689735986.95743,1,0,22,2,1
20210929,119854907602.1161,1,0,22,2,1
20210930,123364819774.15631,1,0,22,2,1
20211001,128962160185.01874,1,0,22,2,1
20211002,132902847629.5706,1,0,22,2,1
20211003,134468289726.5696,1,0,22,2,1
20211004,135213695379.59506,1,0,22,2,1
20211005,137414231754.92921,1,0,22,2,1
20211006,138639018355.16,1,0,22,2,1
20211007,140899172850.79782,1,0,22,2,1
20211008,141185681089.1402,1,0,22,2,1
20211009,140554415551.77435,1,0,22,2,1
20211010,141181895720.4302,1,0,22,2,1
20211011,138719721855.8183,1,0,22,2,1
20211012,141564844904.2176,1,0,22,2,1
20211013,141653003502.00204,1,0,22,2,1
20211014,145268969616.43295,1,0,22,2,1
20211015,148771585603.30145,1,0,22,2,1
20211016,152776829388.3382,1,0,22,2,1
20211017,152038443154.78937,1,0,22,2,1
20211018,153079641482.1284,1,0,22,2,1
20211019,150960352153.54865,1,0,22,2,1
20211020,154823551748.49857,1,0,22,2,1
20211021,163019107333.5538,1,0,22,2,1
20211022,160540165558.90735,1,0,22,2,1
20211023,157898258268.45395,1,0,22,2,1
20211024,162298370547.0795,1,0,22,2,1
20211025,161290705214.33755,1,0,22,2,1
20211026,165311269245.26102,1,0,22,2,1
20211027,162970189885.5393,1,0,22,2,1
20211028,157786776067.8459,1,0,22,2,1
20211029,165902461813.51556,1,0,22,2,1
20211030,160092092903.25156,1,0,22,2,1
20211031,161725575698.9285,1,0,22,2,1
20211101,161341447253.37714,1,0,22,2,1
20211102,162939396669.37778,1,0,22,2,1
20211103,171091284102.7539,1,0,22,2,1
20211104,171445873024.5987,1,0,22,2,1
20211105,170870296439.43927,1,0,22,2,1
20211106,170026179492.28854,1,0,22,2,1
20211107,172341959327.07233,1,0,22,2,1
20211108,177591097547.5791,1,0,22,2,1
20211109,181941963266.89554,1,0,22,2,1
20211110,180478872378.70718,1,0,22,2,1
20211111,178167647887.03464,1,0,22,2,1
20211112,180360531422.5262,1,0,22,2,1
20211113,179043031396.91455,1,0,22,2,1
20211114,179632880295.99387,1,0,22,2,1
20211115,180876721360.89905,1,0,22,2,1
20211116,176204438089.74033,1,0,22,2,1
20211117,168507038346.18073,1,0,22,2,1
20211118,171387744043.61893,1,0,22,2,1
20211119,164476976037.12384,1,0,22,2,1
20211120,171479435536.7341,1,0,22,2,1
20211121,174936500216.62744,1,0,22,2,1
20211122,171072211466.49704,1,0,22,2,1
20211123,167639580004.4811,1,0,22,2,1
20211124,173249905230.6064,1,0,22,2,1
20211125,172696593105.28256,1,0,22,2,1
20211126,177493626076.53,1,0,22,2,1
20211127,165964649138.61337,1,0,22,2,1
20211128,166775184069.11365,1,0,22,2,1
20211129,172183840936.0182,1,0,22,2,1
20211130,175541328778.5067,1,0,22,2,1
20211201,178455692163.01532,1,0,22,2,1
20211202,177791762272.66827,1,0,22,2,1
20211203,176295655676.6786,1,0,22,2,1
20211204,169735173397.36108,1,0,22,2,1
20211205,163482541964.19586,1,0,22,2,1
20211206,162769322509.0622,1,0,22,2,1
20211207,167642490031.646,1,0,22,2,1
20211208,158167181416.83023,1,0,22,2,1
20211209,170286223138.7248,1,0,22,2,1
20211210,162758793900.05124,1,0,22,2,1
20211211,158623623162.98807,1,0,22,2,1
20211212,162387356404.43622,1,0,22,2,1
20211213,164283934899.5841,1,0,22,2,1
20211214,156315179265.2705,1,0,22,2,1
20211215,157318826682.9213,1,0,22,2,1
20211216,161396376660.02176,1,0,22,2,1
20211217,159980779039.6983,1,0,22,2,1
20211218,158243312630.2359,1,0,22,2,1
20211219,159322318723.85684,1,0,22,2,1
20211220,159599574292.43994,1,0,22,2,1
20211221,160539605701.35388,1,0,22,2,1
20211222,164501562022.5253,1,0,22,2,1
20211223,164462760944.1703,1,0,22,2,1
20211224,169473215154.7571,1,0,22,2,1
20211225,168539426952.34222,1,0,22,2,1
20211226,169252185916.3537,1,0,22,2,1
20211227,169801000981.1629,1,0,22,2,1
20211228,169370646727.24164,1,0,22,2,1
20211229,163971179362.73785,1,0,22,2,1
20211230,161310915178.33334,1,0,22,2,1
20211231,162165227143.3672,1,0,22,2,1
20220101,162979474533.75735,1,0,22,2,1
20220102,165279976359.17264,1,0,22,2,1
20220103,166709782366.30835,1,0,22,2,1
20220104,165906799781.55264,1,0,22,2,1
20220105,167060224950.03314,1,0,22,2,1
20220106,160948292898.42252,1,0,22,2,1
20220107,158012371275.3866,1,0,22,2,1
20220108,155323549815.1261,1,0,22,2,1
20220109,152219045023.45135,1,0,22,2,1
20220110,151975077019.07004,1,0,22,2,1
20220111,150586960322.12332,1,0,22,2,1
20220112,154495685026.92554,1,0,22,2,1
20220113,157828508706.70718,1,0,22,2,1
20220114,155199117168.02124,1,0,22,2,1
20220115,156587767584.34454,1,0,22,2,1
20220116,152624259180.41058,1,0,22,2,1
20220117,155955918067.43884,1,0,22,2,1
20220118,153060948581.84775,1,0,22,2,1
20220119,148577370963.57452,1,0,22,2,1
20220120,147259398707.97968,1,0,22,2,1
20220121,145332638495.07767,1,0,22,2,1
20220122,131412746144.74272,1,0,22,2,1
20220123,110781784578.05165,1,0,22,2,1
20220124,126704479510.38405,1,0,22,2,1
20220125,120875738424.48033,1,0,22,2,1
20220126,126699545807.14803,1,0,22,2,1
20220127,127738253313.03032,1,0,22,2,1
20220128,120823413512.55113,1,0,22,2,1
20220129,120994727318.98232,1,0,22,2,1
20220130,122929113347.20534,1,0,22,2,1
20220131,121622795664.21764,1,0,22,2,1
20220201,124598668251.17686,1,0,22,2,1
20220202,125872731565.29268,1,0,22,2,1
20220203,123196498926.89496,1,0,22,2,1
20220204,123828598428.70633,1,0,22,2,1
20220205,132632348278.25734,1,0,22,2,1
20210418,53423.36033247836,1,0,22,7,1
20210419,1282253.7351426706,1,0,22,7,1
20210420,1383150.467339444,1,0,22,7,1
20210421,14439.311063656507,1,0,22,7,1
20210422,2917598.6369115855,1,0,22,7,1
20210423,2878210.764066364,1,0,22,7,1
20210424,3276004.4739786326,1,0,22,7,1
20210425,2720510.932976148,1,0,22,7,1
20210426,2891401.7421462126,1,0,22,7,1
20210427,2700710.235396699,1,0,22,7,1
20210428,373203.3872852649,1,0,22,7,1
20210429,3222035.2828322044,1,0,22,7,1
20210430,2886079.5158474087,1,0,22,7,1
20210501,35586221.36508733,1,0,22,7,1
20210502,47869186.799150035,1,0,22,7,1
20210503,43222684.06110742,1,0,22,7,1
20210504,53375036.18789444,1,0,22,7,1
20210505,76053547.29970093,1,0,22,7,1
20210506,76712770.47240242,1,0,22,7,1
20210507,75101520.54573917,1,0,22,7,1
20210508,270975597.7996602,1,0,22,7,1
20210509,246622741.93827146,1,0,22,7,1
20210510,308586636.8264536,1,0,22,7,1
20210511,275683188.312094,1,0,22,7,1
20210512,261655130.58389902,1,0,22,7,1
20210513,261717460.31919736,1,0,22,7,1
20210514,284752846.84745383,1,0,22,7,1
20210515,268654510.79936016,1,0,22,7,1
20210516,251737288.98815963,1,0,22,7,1
20210517,249716495.85696867,1,0,22,7,1
20210518,260385115.3403699,1,0,22,7,1
20210519,227963426.2985708,1,0,22,7,1
20210520,186296843.49570805,1,0,22,7,1
20210521,172928407.9234287,1,0,22,7,1
20210522,110678025.29809788,1,0,22,7,1
20210523,133319973.47657663,1,0,22,7,1
20210524,109846883.01003827,1,0,22,7,1
20210525,125194700.38366722,1,0,22,7,1
20210526,125787693.42137624,1,0,22,7,1
20210527,122840840.69124386,1,0,22,7,1
20210528,123450897.33080046,1,0,22,7,1
20210529,120125739.91464585,1,0,22,7,1
20210530,120003296.8977966,1,0,22,7,1
20210531,130307364.21128953,1,0,22,7,1
20210601,127424725.92546627,1,0,22,7,1
20210602,135298317.5303425,1,0,22,7,1
20210603,142645516.54317585,1,0,22,7,1
20210604,134988739.89546698,1,0,22,7,1
20210605,136725063.87882286,1,0,22,7,1
20210606,144536069.06144515,1,0,22,7,1
20210607,135510056.34153077,1,0,22,7,1
20210608,129636598.35375014,1,0,22,7,1
20210609,132606389.37688217,1,0,22,7,1
20210610,124146070.68707025,1,0,22,7,1
20210611,113170391.19386524,1,0,22,7,1
20210612,107889814.59366569,1,0,22,7,1
20210613,115833351.63951084,1,0,22,7,1
20210614,125164679.57299805,1,0,22,7,1
20210615,124398540.69749509,1,0,22,7,1
20210616,131776780.66130789,1,0,22,7,1
20210617,142088323.90775415,1,0,22,7,1
20210618,151369505.41426966,1,0,22,7,1
20210619,155953295.48963964,1,0,22,7,1
20210620,156089880.6817296,1,0,22,7,1
20210621,134302865.99718338,1,0,22,7,1
20210622,123114033.40734613,1,0,22,7,1
20210623,155596769.5778551,1,0,22,7,1
20210624,169674647.19536045,1,0,22,7,1
20210625,156614596.8778591,1,0,22,7,1
20210626,153640261.26643938,1,0,22,7,1
20210627,156176245.7478312,1,0,22,7,1
20210628,160388366.48080146,1,0,22,7,1
20210629,155739718.88083532,1,0,22,7,1
20210630,157858733.4108261,1,0,22,7,1
20210701,187082980.61639637,1,0,22,7,1
20210702,218911387.70759037,1,0,22,7,1
20210703,229134850.95413244,1,0,22,7,1
20210704,244874354.3567603,1,0,22,7,1
20210705,245632356.12596112,1,0,22,7,1
20210706,246638484.4856096,1,0,22,7,1
20210707,255515569.96115094,1,0,22,7,1
20210708,266054454.96339193,1,0,22,7,1
20210709,265543429.09780824,1,0,22,7,1
20210710,258195587.72445238,1,0,22,7,1
20210711,261427034.9723264,1,0,22,7,1
20210712,255522313.6747486,1,0,22,7,1
20210713,252714796.3075401,1,0,22,7,1
20210714,253470916.90351623,1,0,22,7,1
20210715,260218474.89939246,1,0,22,7,1
20210716,254457008.33192378,1,0,22,7,1
20210717,251202510.32963726,1,0,22,7,1
20210718,252263865.26778704,1,0,22,7,1
20210719,247583522.23650295,1,0,22,7,1
20210720,240379380.98774636,1,0,22,7,1
20210721,245941411.53099093,1,0,22,7,1
20210722,264700001.43257654,1,0,22,7,1
20210723,275603052.85390395,1,0,22,7,1
20210724,283770267.57190543,1,0,22,7,1
20210725,288072563.42462754,1,0,22,7,1
20210726,291636098.05825406,1,0,22,7,1
20210727,299206012.4396182,1,0,22,7,1
20210728,295675433.7132304,1,0,22,7,1
20210729,304401816.76872694,1,0,22,7,1
20210730,308939738.7422712,1,0,22,7,1
20210731,312048893.44152987,1,0,22,7,1
20210801,302493205.1458556,1,0,22,7,1
20210802,301692109.48443025,1,0,22,7,1
20210803,297045531.5561712,1,0,22,7,1
20210804,282228082.41792536,1,0,22,7,1
20210805,315011770.5286235,1,0,22,7,1
20210806,328527426.368926,1,0,22,7,1
20210807,344534249.0824711,1,0,22,7,1
20210808,340599493.0823836,1,0,22,7,1
20210809,345215015.7681622,1,0,22,7,1
20210810,350714836.54389185,1,0,22,7,1
20210811,362375332.51978374,1,0,22,7,1
20210812,359331032.17451507,1,0,22,7,1
20210813,380245701.60929775,1,0,22,7,1
20210814,382689651.2912761,1,0,22,7,1
20210815,382657160.47289765,1,0,22,7,1
20210816,395558975.2313985,1,0,22,7,1
20210817,391979662.23270696,1,0,22,7,1
20210818,401550190.51266754,1,0,22,7,1
20210819,419736018.4109013,1,0,22,7,1
20210820,430054922.4634902,1,0,22,7,1
20210821,448014784.7285224,1,0,22,7,1
20210822,460552049.44962084,1,0,22,7,1
20210823,485768298.18548435,1,0,22,7,1
20210824,469050306.4307548,1,0,22,7,1
20210825,478704143.61268187,1,0,22,7,1
20210826,459375659.5734936,1,0,22,7,1
20210827,416763229.8737922,1,0,22,7,1
20210828,514880913.4107918,1,0,22,7,1
20210829,525305330.08375335,1,0,22,7,1
20210830,672403851.1389871,1,0,22,7,1
20210831,705901560.548272,1,0,22,7,1
20210901,803786769.965632,1,0,22,7,1
20210902,892264872.7062807,1,0,22,7,1
20210903,909619750.6179012,1,0,22,7,1
20210904,973421454.1532274,1,0,22,7,1
20210905,1047372350.9304314,1,0,22,7,1
20210906,1282826919.3115537,1,0,22,7,1
20210907,1264319380.8585649,1,0,22,7,1
20210908,1338923665.4939334,1,0,22,7,1
20210909,1380316988.1552463,1,0,22,7,1
20210910,1314342615.5064404,1,0,22,7,1
20210911,1331424608.3273623,1,0,22,7,1
20210912,1324744020.542876,1,0,22,7,1
20210913,1297698288.1032922,1,0,22,7,1
20210914,1243161500.6912723,1,0,22,7,1
20210915,1291300225.4556916,1,0,22,7,1
20210916,1248863611.9086907,1,0,22,7,1
20210917,1203656934.076954,1,0,22,7,1
20210918,1241350218.7728274,1,0,22,7,1
20210919,1302778462.9902983,1,0,22,7,1
20210920,1195277343.7360725,1,0,22,7,1
20210921,1089617311.1001086,1,0,22,7,1
20210922,1213660713.7548351,1,0,22,7,1
20210923,1237689610.2057772,1,0,22,7,1
20210924,1226437826.3715494,1,0,22,7,1
20210925,1254047329.7749953,1,0,22,7,1
20210926,1256092770.573451,1,0,22,7,1
20210927,1316978628.6290932,1,0,22,7,1
20210928,1345399854.867667,1,0,22,7,1
20210929,1380796900.3421,1,0,22,7,1
20210930,1364728919.360098,1,0,22,7,1
20211001,1525538935.4417293,1,0,22,7,1
20211002,1602273075.3706253,1,0,22,7,1
20211003,1618011090.0007536,1,0,22,7,1
20211004,1576771478.5264373,1,0,22,7,1
20211005,1611541204.4782927,1,0,22,7,1
20211006,1605705088.1187396,1,0,22,7,1
20211007,2059165243.811705,1,0,22,7,1
20211008,4302494067.492904,1,0,22,7,1
20211009,5358955203.406483,1,0,22,7,1
20211010,5722099613.273994,1,0,22,7,1
20211011,5552703391.525482,1,0,22,7,1
20211012,5476377054.701727,1,0,22,7,1
20211013,5061138885.451907,1,0,22,7,1
20211014,4973331078.45507,1,0,22,7,1
20211015,5029563766.473229,1,0,22,7,1
20211016,5045025370.967944,1,0,22,7,1
20211017,5075784959.417417,1,0,22,7,1
20211018,5251939641.215039,1,0,22,7,1
20211019,5197612035.57708,1,0,22,7,1
20211020,5452476954.624219,1,0,22,7,1
20211021,4474379452.463802,1,0,22,7,1
20211022,4189278395.773553,1,0,22,7,1
20211023,4246256845.03014,1,0,22,7,1
20211024,4391856751.018182,1,0,22,7,1
20211025,4541300543.518,1,0,22,7,1
20211026,4924212986.63126,1,0,22,7,1
20211027,5276998153.726162,1,0,22,7,1
20211028,5311410668.908931,1,0,22,7,1
20211029,5319308636.155996,1,0,22,7,1
20211030,5016881788.315403,1,0,22,7,1
20211031,5118024819.30327,1,0,22,7,1
20211101,5299076517.074016,1,0,22,7,1
20211102,5135060869.5885105,1,0,22,7,1
20211103,5177949914.022714,1,0,22,7,1
20211104,5057458703.272792,1,0,22,7,1
20211105,5176872294.325529,1,0,22,7,1
20211106,5016655082.121545,1,0,22,7,1
20211107,5240615063.006304,1,0,22,7,1
20211108,5367017853.724754,1,0,22,7,1
20211109,5726674123.798412,1,0,22,7,1
20211110,5443533266.745638,1,0,22,7,1
20211111,5150431635.803744,1,0,22,7,1
20211112,5042709973.373934,1,0,22,7,1
20211113,5204155982.443951,1,0,22,7,1
20211114,5242689565.597945,1,0,22,7,1
20211115,5255425131.97386,1,0,22,7,1
20211116,5010081390.872822,1,0,22,7,1
20211117,4793093151.46152,1,0,22,7,1
20211118,4737464806.453413,1,0,22,7,1
20211119,4301974270.784734,1,0,22,7,1
20211120,4681620553.663799,1,0,22,7,1
20211121,4739003326.023979,1,0,22,7,1
20211122,4475259888.216131,1,0,22,7,1
20211123,4212543047.1424966,1,0,22,7,1
20211124,4618296082.924487,1,0,22,7,1
20211125,4898134498.783152,1,0,22,7,1
20211126,4897141607.476911,1,0,22,7,1
20211127,4413220475.421088,1,0,22,7,1
20211128,4398598029.567704,1,0,22,7,1
20211129,4500814088.641602,1,0,22,7,1
20211130,4617497955.818354,1,0,22,7,1
20211201,4638485147.052658,1,0,22,7,1
20211202,4683452960.193544,1,0,22,7,1
20211203,4641377334.9854965,1,0,22,7,1
20211204,4472846429.2348385,1,0,22,7,1
20211205,4085591020.458445,1,0,22,7,1
20211206,3877230783.2550874,1,0,22,7,1
20211207,3942732671.0943336,1,0,22,7,1
20211208,3943947560.6361446,1,0,22,7,1
20211209,4015458299.2534537,1,0,22,7,1
20211210,3871534077.613168,1,0,22,7,1
20211211,3862094403.639998,1,0,22,7,1
20211212,3946286987.7680326,1,0,22,7,1
20211213,3934400833.094119,1,0,22,7,1
20211214,3662510936.809472,1,0,22,7,1
20211215,3749869148.6659827,1,0,22,7,1
20211216,3981782958.2512436,1,0,22,7,1
20211217,3852552285.082996,1,0,22,7,1
20211218,3846803427.412798,1,0,22,7,1
20211219,3812412760.3094516,1,0,22,7,1
20211220,3808829028.3930435,1,0,22,7,1
20211221,3746082386.8460155,1,0,22,7,1
20211222,3949461316.261813,1,0,22,7,1
20211223,4072462073.243054,1,0,22,7,1
20211224,4260320457.2499084,1,0,22,7,1
20211225,4497565081.988498,1,0,22,7,1
20211226,4494953497.980732,1,0,22,7,1
20211227,4802804741.426833,1,0,22,7,1
20211228,4658351850.280241,1,0,22,7,1
20211229,4726172292.676036,1,0,22,7,1
20211230,4583537231.260472,1,0,22,7,1
20211231,4585140194.681375,1,0,22,7,1
20220101,4897255937.345987,1,0,22,7,1
20220102,5277323702.949077,1,0,22,7,1
20220103,5138194612.845405,1,0,22,7,1
20220104,5679892789.650479,1,0,22,7,1
20220105,6014981196.514968,1,0,22,7,1
20220106,5868480200.535875,1,0,22,7,1
20220107,5881761220.659723,1,0,22,7,1
20220108,5625164188.3080845,1,0,22,7,1
20220109,5209498923.593739,1,0,22,7,1
20220110,5440258086.901003,1,0,22,7,1
20220111,5236649457.38859,1,0,22,7,1
20220112,5961094311.846107,1,0,22,7,1
20220113,6752046831.919786,1,0,22,7,1
20220114,7098724682.415227,1,0,22,7,1
20220115,7062671813.8135195,1,0,22,7,1
20220116,7517862455.16326,1,0,22,7,1
20220117,7964363686.491159,1,0,22,7,1
20220118,7662941125.874249,1,0,22,7,1
20220119,7884542966.14143,1,0,22,7,1
20220120,8294056811.534559,1,0,22,7,1
20220121,10477021175.464329,1,0,22,7,1
20220122,7908609318.180639,1,0,22,7,1
20220123,10554327246.187492,1,0,22,7,1
20220124,12391159273.069979,1,0,22,7,1
20220125,12707040291.040913,1,0,22,7,1
20220126,10987184552.455864,1,0,22,7,1
20220127,10835733363.18475,1,0,22,7,1
20220128,9769991463.137402,1,0,22,7,1
20220129,9810724013.128918,1,0,22,7,1
20220130,9413425884.524193,1,0,22,7,1
20220131,9118498744.345415,1,0,22,7,1
20220201,9212912935.228434,1,0,22,7,1
20220202,9312903762.551884,1,0,22,7,1
20220203,8783824911.421144,1,0,22,7,1
20220204,8647179774.883308,1,0,22,7,1
20220205,9183589110.650837,1,0,22,7,1
